{
    "Agent": {
        "total": 0.0001412000274285674
    },
    "Env": {
        "apply_act": 0.015388199826702476,
        "observation_computation": 0.004250299884006381,
        "powerflow_computation": 0.07127280009444803,
        "total": 0.09091129980515689
    },
    "total": 0.09202010009903461
}